Sample_ID	sR1	sR2	long_reads	group
d1	/ei/projects/5/542de014-1e71-4955-945a-5d2ab09567a7/CEH_soil_project/metag/raw/d1/d1_R1.fastq.gz	/ei/projects/5/542de014-1e71-4955-945a-5d2ab09567a7/CEH_soil_project/metag/raw/d1/d1_R2.fastq.gz		A
d10	/ei/projects/5/542de014-1e71-4955-945a-5d2ab09567a7/CEH_soil_project/metag/raw/d10/d10_R1.fastq.gz	/ei/projects/5/542de014-1e71-4955-945a-5d2ab09567a7/CEH_soil_project/metag/raw/d10/d10_R2.fastq.gz		A
d100	/ei/projects/5/542de014-1e71-4955-945a-5d2ab09567a7/CEH_soil_project/metag/raw/d100/d100_R1.fastq.gz	/ei/projects/5/542de014-1e71-4955-945a-5d2ab09567a7/CEH_soil_project/metag/raw/d100/d100_R2.fastq.gz		A
d101	/ei/projects/5/542de014-1e71-4955-945a-5d2ab09567a7/CEH_soil_project/metag/raw/d101/d101_R1.fastq.gz	/ei/projects/5/542de014-1e71-4955-945a-5d2ab09567a7/CEH_soil_project/metag/raw/d101/d101_R2.fastq.gz		A
d102	/ei/projects/5/542de014-1e71-4955-945a-5d2ab09567a7/CEH_soil_project/metag/raw/d102/d102_R1.fastq.gz	/ei/projects/5/542de014-1e71-4955-945a-5d2ab09567a7/CEH_soil_project/metag/raw/d102/d102_R2.fastq.gz		A
d103	/ei/projects/5/542de014-1e71-4955-945a-5d2ab09567a7/CEH_soil_project/metag/raw/d103/d103_R1.fastq.gz	/ei/projects/5/542de014-1e71-4955-945a-5d2ab09567a7/CEH_soil_project/metag/raw/d103/d103_R2.fastq.gz		A
d104	/ei/projects/5/542de014-1e71-4955-945a-5d2ab09567a7/CEH_soil_project/metag/raw/d104/d104_R1.fastq.gz	/ei/projects/5/542de014-1e71-4955-945a-5d2ab09567a7/CEH_soil_project/metag/raw/d104/d104_R2.fastq.gz		A
d105	/ei/projects/5/542de014-1e71-4955-945a-5d2ab09567a7/CEH_soil_project/metag/raw/d105/d105_R1.fastq.gz	/ei/projects/5/542de014-1e71-4955-945a-5d2ab09567a7/CEH_soil_project/metag/raw/d105/d105_R2.fastq.gz		A
d106	/ei/projects/5/542de014-1e71-4955-945a-5d2ab09567a7/CEH_soil_project/metag/raw/d106/d106_R1.fastq.gz	/ei/projects/5/542de014-1e71-4955-945a-5d2ab09567a7/CEH_soil_project/metag/raw/d106/d106_R2.fastq.gz		A
d107	/ei/projects/5/542de014-1e71-4955-945a-5d2ab09567a7/CEH_soil_project/metag/raw/d107/d107_R1.fastq.gz	/ei/projects/5/542de014-1e71-4955-945a-5d2ab09567a7/CEH_soil_project/metag/raw/d107/d107_R2.fastq.gz		A
d108	/ei/projects/5/542de014-1e71-4955-945a-5d2ab09567a7/CEH_soil_project/metag/raw/d108/d108_R1.fastq.gz	/ei/projects/5/542de014-1e71-4955-945a-5d2ab09567a7/CEH_soil_project/metag/raw/d108/d108_R2.fastq.gz		A
d109	/ei/projects/5/542de014-1e71-4955-945a-5d2ab09567a7/CEH_soil_project/metag/raw/d109/d109_R1.fastq.gz	/ei/projects/5/542de014-1e71-4955-945a-5d2ab09567a7/CEH_soil_project/metag/raw/d109/d109_R2.fastq.gz		A
d11	/ei/projects/5/542de014-1e71-4955-945a-5d2ab09567a7/CEH_soil_project/metag/raw/d11/d11_R1.fastq.gz	/ei/projects/5/542de014-1e71-4955-945a-5d2ab09567a7/CEH_soil_project/metag/raw/d11/d11_R2.fastq.gz		A
d110	/ei/projects/5/542de014-1e71-4955-945a-5d2ab09567a7/CEH_soil_project/metag/raw/d110/d110_R1.fastq.gz	/ei/projects/5/542de014-1e71-4955-945a-5d2ab09567a7/CEH_soil_project/metag/raw/d110/d110_R2.fastq.gz		A
d111	/ei/projects/5/542de014-1e71-4955-945a-5d2ab09567a7/CEH_soil_project/metag/raw/d111/d111_R1.fastq.gz	/ei/projects/5/542de014-1e71-4955-945a-5d2ab09567a7/CEH_soil_project/metag/raw/d111/d111_R2.fastq.gz		A
d112	/ei/projects/5/542de014-1e71-4955-945a-5d2ab09567a7/CEH_soil_project/metag/raw/d112/d112_R1.fastq.gz	/ei/projects/5/542de014-1e71-4955-945a-5d2ab09567a7/CEH_soil_project/metag/raw/d112/d112_R2.fastq.gz		A
d113	/ei/projects/5/542de014-1e71-4955-945a-5d2ab09567a7/CEH_soil_project/metag/raw/d113/d113_R1.fastq.gz	/ei/projects/5/542de014-1e71-4955-945a-5d2ab09567a7/CEH_soil_project/metag/raw/d113/d113_R2.fastq.gz		A
d114	/ei/projects/5/542de014-1e71-4955-945a-5d2ab09567a7/CEH_soil_project/metag/raw/d114/d114_R1.fastq.gz	/ei/projects/5/542de014-1e71-4955-945a-5d2ab09567a7/CEH_soil_project/metag/raw/d114/d114_R2.fastq.gz		A
d115	/ei/projects/5/542de014-1e71-4955-945a-5d2ab09567a7/CEH_soil_project/metag/raw/d115/d115_R1.fastq.gz	/ei/projects/5/542de014-1e71-4955-945a-5d2ab09567a7/CEH_soil_project/metag/raw/d115/d115_R2.fastq.gz		A
d116	/ei/projects/5/542de014-1e71-4955-945a-5d2ab09567a7/CEH_soil_project/metag/raw/d116/d116_R1.fastq.gz	/ei/projects/5/542de014-1e71-4955-945a-5d2ab09567a7/CEH_soil_project/metag/raw/d116/d116_R2.fastq.gz		A
d117	/ei/projects/5/542de014-1e71-4955-945a-5d2ab09567a7/CEH_soil_project/metag/raw/d117/d117_R1.fastq.gz	/ei/projects/5/542de014-1e71-4955-945a-5d2ab09567a7/CEH_soil_project/metag/raw/d117/d117_R2.fastq.gz		A
d118	/ei/projects/5/542de014-1e71-4955-945a-5d2ab09567a7/CEH_soil_project/metag/raw/d118/d118_R1.fastq.gz	/ei/projects/5/542de014-1e71-4955-945a-5d2ab09567a7/CEH_soil_project/metag/raw/d118/d118_R2.fastq.gz		A
d119	/ei/projects/5/542de014-1e71-4955-945a-5d2ab09567a7/CEH_soil_project/metag/raw/d119/d119_R1.fastq.gz	/ei/projects/5/542de014-1e71-4955-945a-5d2ab09567a7/CEH_soil_project/metag/raw/d119/d119_R2.fastq.gz		A
d12	/ei/projects/5/542de014-1e71-4955-945a-5d2ab09567a7/CEH_soil_project/metag/raw/d12/d12_R1.fastq.gz	/ei/projects/5/542de014-1e71-4955-945a-5d2ab09567a7/CEH_soil_project/metag/raw/d12/d12_R2.fastq.gz		A
d120	/ei/projects/5/542de014-1e71-4955-945a-5d2ab09567a7/CEH_soil_project/metag/raw/d120/d120_R1.fastq.gz	/ei/projects/5/542de014-1e71-4955-945a-5d2ab09567a7/CEH_soil_project/metag/raw/d120/d120_R2.fastq.gz		A
d121	/ei/projects/5/542de014-1e71-4955-945a-5d2ab09567a7/CEH_soil_project/metag/raw/d121/d121_R1.fastq.gz	/ei/projects/5/542de014-1e71-4955-945a-5d2ab09567a7/CEH_soil_project/metag/raw/d121/d121_R2.fastq.gz		A
d122	/ei/projects/5/542de014-1e71-4955-945a-5d2ab09567a7/CEH_soil_project/metag/raw/d122/d122_R1.fastq.gz	/ei/projects/5/542de014-1e71-4955-945a-5d2ab09567a7/CEH_soil_project/metag/raw/d122/d122_R2.fastq.gz		A
d123	/ei/projects/5/542de014-1e71-4955-945a-5d2ab09567a7/CEH_soil_project/metag/raw/d123/d123_R1.fastq.gz	/ei/projects/5/542de014-1e71-4955-945a-5d2ab09567a7/CEH_soil_project/metag/raw/d123/d123_R2.fastq.gz		A
d124	/ei/projects/5/542de014-1e71-4955-945a-5d2ab09567a7/CEH_soil_project/metag/raw/d124/d124_R1.fastq.gz	/ei/projects/5/542de014-1e71-4955-945a-5d2ab09567a7/CEH_soil_project/metag/raw/d124/d124_R2.fastq.gz		A
d125	/ei/projects/5/542de014-1e71-4955-945a-5d2ab09567a7/CEH_soil_project/metag/raw/d125/d125_R1.fastq.gz	/ei/projects/5/542de014-1e71-4955-945a-5d2ab09567a7/CEH_soil_project/metag/raw/d125/d125_R2.fastq.gz		A
d126	/ei/projects/5/542de014-1e71-4955-945a-5d2ab09567a7/CEH_soil_project/metag/raw/d126/d126_R1.fastq.gz	/ei/projects/5/542de014-1e71-4955-945a-5d2ab09567a7/CEH_soil_project/metag/raw/d126/d126_R2.fastq.gz		A
d127	/ei/projects/5/542de014-1e71-4955-945a-5d2ab09567a7/CEH_soil_project/metag/raw/d127/d127_R1.fastq.gz	/ei/projects/5/542de014-1e71-4955-945a-5d2ab09567a7/CEH_soil_project/metag/raw/d127/d127_R2.fastq.gz		A
d128	/ei/projects/5/542de014-1e71-4955-945a-5d2ab09567a7/CEH_soil_project/metag/raw/d128/d128_R1.fastq.gz	/ei/projects/5/542de014-1e71-4955-945a-5d2ab09567a7/CEH_soil_project/metag/raw/d128/d128_R2.fastq.gz		A
d129	/ei/projects/5/542de014-1e71-4955-945a-5d2ab09567a7/CEH_soil_project/metag/raw/d129/d129_R1.fastq.gz	/ei/projects/5/542de014-1e71-4955-945a-5d2ab09567a7/CEH_soil_project/metag/raw/d129/d129_R2.fastq.gz		A
d13	/ei/projects/5/542de014-1e71-4955-945a-5d2ab09567a7/CEH_soil_project/metag/raw/d13/d13_R1.fastq.gz	/ei/projects/5/542de014-1e71-4955-945a-5d2ab09567a7/CEH_soil_project/metag/raw/d13/d13_R2.fastq.gz		A
d130	/ei/projects/5/542de014-1e71-4955-945a-5d2ab09567a7/CEH_soil_project/metag/raw/d130/d130_R1.fastq.gz	/ei/projects/5/542de014-1e71-4955-945a-5d2ab09567a7/CEH_soil_project/metag/raw/d130/d130_R2.fastq.gz		A
d131	/ei/projects/5/542de014-1e71-4955-945a-5d2ab09567a7/CEH_soil_project/metag/raw/d131/d131_R1.fastq.gz	/ei/projects/5/542de014-1e71-4955-945a-5d2ab09567a7/CEH_soil_project/metag/raw/d131/d131_R2.fastq.gz		A
d132	/ei/projects/5/542de014-1e71-4955-945a-5d2ab09567a7/CEH_soil_project/metag/raw/d132/d132_R1.fastq.gz	/ei/projects/5/542de014-1e71-4955-945a-5d2ab09567a7/CEH_soil_project/metag/raw/d132/d132_R2.fastq.gz		A
d133	/ei/projects/5/542de014-1e71-4955-945a-5d2ab09567a7/CEH_soil_project/metag/raw/d133/d133_R1.fastq.gz	/ei/projects/5/542de014-1e71-4955-945a-5d2ab09567a7/CEH_soil_project/metag/raw/d133/d133_R2.fastq.gz		A
d134	/ei/projects/5/542de014-1e71-4955-945a-5d2ab09567a7/CEH_soil_project/metag/raw/d134/d134_R1.fastq.gz	/ei/projects/5/542de014-1e71-4955-945a-5d2ab09567a7/CEH_soil_project/metag/raw/d134/d134_R2.fastq.gz		A
d135	/ei/projects/5/542de014-1e71-4955-945a-5d2ab09567a7/CEH_soil_project/metag/raw/d135/d135_R1.fastq.gz	/ei/projects/5/542de014-1e71-4955-945a-5d2ab09567a7/CEH_soil_project/metag/raw/d135/d135_R2.fastq.gz		A
d136	/ei/projects/5/542de014-1e71-4955-945a-5d2ab09567a7/CEH_soil_project/metag/raw/d136/d136_R1.fastq.gz	/ei/projects/5/542de014-1e71-4955-945a-5d2ab09567a7/CEH_soil_project/metag/raw/d136/d136_R2.fastq.gz		A
d137	/ei/projects/5/542de014-1e71-4955-945a-5d2ab09567a7/CEH_soil_project/metag/raw/d137/d137_R1.fastq.gz	/ei/projects/5/542de014-1e71-4955-945a-5d2ab09567a7/CEH_soil_project/metag/raw/d137/d137_R2.fastq.gz		A
d138	/ei/projects/5/542de014-1e71-4955-945a-5d2ab09567a7/CEH_soil_project/metag/raw/d138/d138_R1.fastq.gz	/ei/projects/5/542de014-1e71-4955-945a-5d2ab09567a7/CEH_soil_project/metag/raw/d138/d138_R2.fastq.gz		A
d139	/ei/projects/5/542de014-1e71-4955-945a-5d2ab09567a7/CEH_soil_project/metag/raw/d139/d139_R1.fastq.gz	/ei/projects/5/542de014-1e71-4955-945a-5d2ab09567a7/CEH_soil_project/metag/raw/d139/d139_R2.fastq.gz		A
d14	/ei/projects/5/542de014-1e71-4955-945a-5d2ab09567a7/CEH_soil_project/metag/raw/d14/d14_R1.fastq.gz	/ei/projects/5/542de014-1e71-4955-945a-5d2ab09567a7/CEH_soil_project/metag/raw/d14/d14_R2.fastq.gz		A
d140	/ei/projects/5/542de014-1e71-4955-945a-5d2ab09567a7/CEH_soil_project/metag/raw/d140/d140_R1.fastq.gz	/ei/projects/5/542de014-1e71-4955-945a-5d2ab09567a7/CEH_soil_project/metag/raw/d140/d140_R2.fastq.gz		A
d141	/ei/projects/5/542de014-1e71-4955-945a-5d2ab09567a7/CEH_soil_project/metag/raw/d141/d141_R1.fastq.gz	/ei/projects/5/542de014-1e71-4955-945a-5d2ab09567a7/CEH_soil_project/metag/raw/d141/d141_R2.fastq.gz		A
d142	/ei/projects/5/542de014-1e71-4955-945a-5d2ab09567a7/CEH_soil_project/metag/raw/d142/d142_R1.fastq.gz	/ei/projects/5/542de014-1e71-4955-945a-5d2ab09567a7/CEH_soil_project/metag/raw/d142/d142_R2.fastq.gz		A
d143	/ei/projects/5/542de014-1e71-4955-945a-5d2ab09567a7/CEH_soil_project/metag/raw/d143/d143_R1.fastq.gz	/ei/projects/5/542de014-1e71-4955-945a-5d2ab09567a7/CEH_soil_project/metag/raw/d143/d143_R2.fastq.gz		A
d144	/ei/projects/5/542de014-1e71-4955-945a-5d2ab09567a7/CEH_soil_project/metag/raw/d144/d144_R1.fastq.gz	/ei/projects/5/542de014-1e71-4955-945a-5d2ab09567a7/CEH_soil_project/metag/raw/d144/d144_R2.fastq.gz		A
d145	/ei/projects/5/542de014-1e71-4955-945a-5d2ab09567a7/CEH_soil_project/metag/raw/d145/d145_R1.fastq.gz	/ei/projects/5/542de014-1e71-4955-945a-5d2ab09567a7/CEH_soil_project/metag/raw/d145/d145_R2.fastq.gz		A
d146	/ei/projects/5/542de014-1e71-4955-945a-5d2ab09567a7/CEH_soil_project/metag/raw/d146/d146_R1.fastq.gz	/ei/projects/5/542de014-1e71-4955-945a-5d2ab09567a7/CEH_soil_project/metag/raw/d146/d146_R2.fastq.gz		A
d147	/ei/projects/5/542de014-1e71-4955-945a-5d2ab09567a7/CEH_soil_project/metag/raw/d147/d147_R1.fastq.gz	/ei/projects/5/542de014-1e71-4955-945a-5d2ab09567a7/CEH_soil_project/metag/raw/d147/d147_R2.fastq.gz		A
d148	/ei/projects/5/542de014-1e71-4955-945a-5d2ab09567a7/CEH_soil_project/metag/raw/d148/d148_R1.fastq.gz	/ei/projects/5/542de014-1e71-4955-945a-5d2ab09567a7/CEH_soil_project/metag/raw/d148/d148_R2.fastq.gz		A
d149	/ei/projects/5/542de014-1e71-4955-945a-5d2ab09567a7/CEH_soil_project/metag/raw/d149/d149_R1.fastq.gz	/ei/projects/5/542de014-1e71-4955-945a-5d2ab09567a7/CEH_soil_project/metag/raw/d149/d149_R2.fastq.gz		A
d15	/ei/projects/5/542de014-1e71-4955-945a-5d2ab09567a7/CEH_soil_project/metag/raw/d15/d15_R1.fastq.gz	/ei/projects/5/542de014-1e71-4955-945a-5d2ab09567a7/CEH_soil_project/metag/raw/d15/d15_R2.fastq.gz		A
d150	/ei/projects/5/542de014-1e71-4955-945a-5d2ab09567a7/CEH_soil_project/metag/raw/d150/d150_R1.fastq.gz	/ei/projects/5/542de014-1e71-4955-945a-5d2ab09567a7/CEH_soil_project/metag/raw/d150/d150_R2.fastq.gz		A
d151	/ei/projects/5/542de014-1e71-4955-945a-5d2ab09567a7/CEH_soil_project/metag/raw/d151/d151_R1.fastq.gz	/ei/projects/5/542de014-1e71-4955-945a-5d2ab09567a7/CEH_soil_project/metag/raw/d151/d151_R2.fastq.gz		A
d152	/ei/projects/5/542de014-1e71-4955-945a-5d2ab09567a7/CEH_soil_project/metag/raw/d152/d152_R1.fastq.gz	/ei/projects/5/542de014-1e71-4955-945a-5d2ab09567a7/CEH_soil_project/metag/raw/d152/d152_R2.fastq.gz		A
d153	/ei/projects/5/542de014-1e71-4955-945a-5d2ab09567a7/CEH_soil_project/metag/raw/d153/d153_R1.fastq.gz	/ei/projects/5/542de014-1e71-4955-945a-5d2ab09567a7/CEH_soil_project/metag/raw/d153/d153_R2.fastq.gz		A
d154	/ei/projects/5/542de014-1e71-4955-945a-5d2ab09567a7/CEH_soil_project/metag/raw/d154/d154_R1.fastq.gz	/ei/projects/5/542de014-1e71-4955-945a-5d2ab09567a7/CEH_soil_project/metag/raw/d154/d154_R2.fastq.gz		A
d155	/ei/projects/5/542de014-1e71-4955-945a-5d2ab09567a7/CEH_soil_project/metag/raw/d155/d155_R1.fastq.gz	/ei/projects/5/542de014-1e71-4955-945a-5d2ab09567a7/CEH_soil_project/metag/raw/d155/d155_R2.fastq.gz		A
d156	/ei/projects/5/542de014-1e71-4955-945a-5d2ab09567a7/CEH_soil_project/metag/raw/d156/d156_R1.fastq.gz	/ei/projects/5/542de014-1e71-4955-945a-5d2ab09567a7/CEH_soil_project/metag/raw/d156/d156_R2.fastq.gz		A
d157	/ei/projects/5/542de014-1e71-4955-945a-5d2ab09567a7/CEH_soil_project/metag/raw/d157/d157_R1.fastq.gz	/ei/projects/5/542de014-1e71-4955-945a-5d2ab09567a7/CEH_soil_project/metag/raw/d157/d157_R2.fastq.gz		A
d158	/ei/projects/5/542de014-1e71-4955-945a-5d2ab09567a7/CEH_soil_project/metag/raw/d158/d158_R1.fastq.gz	/ei/projects/5/542de014-1e71-4955-945a-5d2ab09567a7/CEH_soil_project/metag/raw/d158/d158_R2.fastq.gz		A
d159	/ei/projects/5/542de014-1e71-4955-945a-5d2ab09567a7/CEH_soil_project/metag/raw/d159/d159_R1.fastq.gz	/ei/projects/5/542de014-1e71-4955-945a-5d2ab09567a7/CEH_soil_project/metag/raw/d159/d159_R2.fastq.gz		A
d16	/ei/projects/5/542de014-1e71-4955-945a-5d2ab09567a7/CEH_soil_project/metag/raw/d16/d16_R1.fastq.gz	/ei/projects/5/542de014-1e71-4955-945a-5d2ab09567a7/CEH_soil_project/metag/raw/d16/d16_R2.fastq.gz		A
d160	/ei/projects/5/542de014-1e71-4955-945a-5d2ab09567a7/CEH_soil_project/metag/raw/d160/d160_R1.fastq.gz	/ei/projects/5/542de014-1e71-4955-945a-5d2ab09567a7/CEH_soil_project/metag/raw/d160/d160_R2.fastq.gz		A
d161	/ei/projects/5/542de014-1e71-4955-945a-5d2ab09567a7/CEH_soil_project/metag/raw/d161/d161_R1.fastq.gz	/ei/projects/5/542de014-1e71-4955-945a-5d2ab09567a7/CEH_soil_project/metag/raw/d161/d161_R2.fastq.gz		A
d162	/ei/projects/5/542de014-1e71-4955-945a-5d2ab09567a7/CEH_soil_project/metag/raw/d162/d162_R1.fastq.gz	/ei/projects/5/542de014-1e71-4955-945a-5d2ab09567a7/CEH_soil_project/metag/raw/d162/d162_R2.fastq.gz		A
d163	/ei/projects/5/542de014-1e71-4955-945a-5d2ab09567a7/CEH_soil_project/metag/raw/d163/d163_R1.fastq.gz	/ei/projects/5/542de014-1e71-4955-945a-5d2ab09567a7/CEH_soil_project/metag/raw/d163/d163_R2.fastq.gz		A
d164	/ei/projects/5/542de014-1e71-4955-945a-5d2ab09567a7/CEH_soil_project/metag/raw/d164/d164_R1.fastq.gz	/ei/projects/5/542de014-1e71-4955-945a-5d2ab09567a7/CEH_soil_project/metag/raw/d164/d164_R2.fastq.gz		A
d165	/ei/projects/5/542de014-1e71-4955-945a-5d2ab09567a7/CEH_soil_project/metag/raw/d165/d165_R1.fastq.gz	/ei/projects/5/542de014-1e71-4955-945a-5d2ab09567a7/CEH_soil_project/metag/raw/d165/d165_R2.fastq.gz		A
d166	/ei/projects/5/542de014-1e71-4955-945a-5d2ab09567a7/CEH_soil_project/metag/raw/d166/d166_R1.fastq.gz	/ei/projects/5/542de014-1e71-4955-945a-5d2ab09567a7/CEH_soil_project/metag/raw/d166/d166_R2.fastq.gz		A
d167	/ei/projects/5/542de014-1e71-4955-945a-5d2ab09567a7/CEH_soil_project/metag/raw/d167/d167_R1.fastq.gz	/ei/projects/5/542de014-1e71-4955-945a-5d2ab09567a7/CEH_soil_project/metag/raw/d167/d167_R2.fastq.gz		A
d168	/ei/projects/5/542de014-1e71-4955-945a-5d2ab09567a7/CEH_soil_project/metag/raw/d168/d168_R1.fastq.gz	/ei/projects/5/542de014-1e71-4955-945a-5d2ab09567a7/CEH_soil_project/metag/raw/d168/d168_R2.fastq.gz		A
d169	/ei/projects/5/542de014-1e71-4955-945a-5d2ab09567a7/CEH_soil_project/metag/raw/d169/d169_R1.fastq.gz	/ei/projects/5/542de014-1e71-4955-945a-5d2ab09567a7/CEH_soil_project/metag/raw/d169/d169_R2.fastq.gz		A
d17	/ei/projects/5/542de014-1e71-4955-945a-5d2ab09567a7/CEH_soil_project/metag/raw/d17/d17_R1.fastq.gz	/ei/projects/5/542de014-1e71-4955-945a-5d2ab09567a7/CEH_soil_project/metag/raw/d17/d17_R2.fastq.gz		A
d170	/ei/projects/5/542de014-1e71-4955-945a-5d2ab09567a7/CEH_soil_project/metag/raw/d170/d170_R1.fastq.gz	/ei/projects/5/542de014-1e71-4955-945a-5d2ab09567a7/CEH_soil_project/metag/raw/d170/d170_R2.fastq.gz		A
d171	/ei/projects/5/542de014-1e71-4955-945a-5d2ab09567a7/CEH_soil_project/metag/raw/d171/d171_R1.fastq.gz	/ei/projects/5/542de014-1e71-4955-945a-5d2ab09567a7/CEH_soil_project/metag/raw/d171/d171_R2.fastq.gz		A
d172	/ei/projects/5/542de014-1e71-4955-945a-5d2ab09567a7/CEH_soil_project/metag/raw/d172/d172_R1.fastq.gz	/ei/projects/5/542de014-1e71-4955-945a-5d2ab09567a7/CEH_soil_project/metag/raw/d172/d172_R2.fastq.gz		A
d173	/ei/projects/5/542de014-1e71-4955-945a-5d2ab09567a7/CEH_soil_project/metag/raw/d173/d173_R1.fastq.gz	/ei/projects/5/542de014-1e71-4955-945a-5d2ab09567a7/CEH_soil_project/metag/raw/d173/d173_R2.fastq.gz		A
d174	/ei/projects/5/542de014-1e71-4955-945a-5d2ab09567a7/CEH_soil_project/metag/raw/d174/d174_R1.fastq.gz	/ei/projects/5/542de014-1e71-4955-945a-5d2ab09567a7/CEH_soil_project/metag/raw/d174/d174_R2.fastq.gz		A
d175	/ei/projects/5/542de014-1e71-4955-945a-5d2ab09567a7/CEH_soil_project/metag/raw/d175/d175_R1.fastq.gz	/ei/projects/5/542de014-1e71-4955-945a-5d2ab09567a7/CEH_soil_project/metag/raw/d175/d175_R2.fastq.gz		A
d176	/ei/projects/5/542de014-1e71-4955-945a-5d2ab09567a7/CEH_soil_project/metag/raw/d176/d176_R1.fastq.gz	/ei/projects/5/542de014-1e71-4955-945a-5d2ab09567a7/CEH_soil_project/metag/raw/d176/d176_R2.fastq.gz		A
d177	/ei/projects/5/542de014-1e71-4955-945a-5d2ab09567a7/CEH_soil_project/metag/raw/d177/d177_R1.fastq.gz	/ei/projects/5/542de014-1e71-4955-945a-5d2ab09567a7/CEH_soil_project/metag/raw/d177/d177_R2.fastq.gz		A
d178	/ei/projects/5/542de014-1e71-4955-945a-5d2ab09567a7/CEH_soil_project/metag/raw/d178/d178_R1.fastq.gz	/ei/projects/5/542de014-1e71-4955-945a-5d2ab09567a7/CEH_soil_project/metag/raw/d178/d178_R2.fastq.gz		A
d179	/ei/projects/5/542de014-1e71-4955-945a-5d2ab09567a7/CEH_soil_project/metag/raw/d179/d179_R1.fastq.gz	/ei/projects/5/542de014-1e71-4955-945a-5d2ab09567a7/CEH_soil_project/metag/raw/d179/d179_R2.fastq.gz		A
d18	/ei/projects/5/542de014-1e71-4955-945a-5d2ab09567a7/CEH_soil_project/metag/raw/d18/d18_R1.fastq.gz	/ei/projects/5/542de014-1e71-4955-945a-5d2ab09567a7/CEH_soil_project/metag/raw/d18/d18_R2.fastq.gz		A
d180	/ei/projects/5/542de014-1e71-4955-945a-5d2ab09567a7/CEH_soil_project/metag/raw/d180/d180_R1.fastq.gz	/ei/projects/5/542de014-1e71-4955-945a-5d2ab09567a7/CEH_soil_project/metag/raw/d180/d180_R2.fastq.gz		A
d181	/ei/projects/5/542de014-1e71-4955-945a-5d2ab09567a7/CEH_soil_project/metag/raw/d181/d181_R1.fastq.gz	/ei/projects/5/542de014-1e71-4955-945a-5d2ab09567a7/CEH_soil_project/metag/raw/d181/d181_R2.fastq.gz		A
d182	/ei/projects/5/542de014-1e71-4955-945a-5d2ab09567a7/CEH_soil_project/metag/raw/d182/d182_R1.fastq.gz	/ei/projects/5/542de014-1e71-4955-945a-5d2ab09567a7/CEH_soil_project/metag/raw/d182/d182_R2.fastq.gz		A
d183	/ei/projects/5/542de014-1e71-4955-945a-5d2ab09567a7/CEH_soil_project/metag/raw/d183/d183_R1.fastq.gz	/ei/projects/5/542de014-1e71-4955-945a-5d2ab09567a7/CEH_soil_project/metag/raw/d183/d183_R2.fastq.gz		A
d184	/ei/projects/5/542de014-1e71-4955-945a-5d2ab09567a7/CEH_soil_project/metag/raw/d184/d184_R1.fastq.gz	/ei/projects/5/542de014-1e71-4955-945a-5d2ab09567a7/CEH_soil_project/metag/raw/d184/d184_R2.fastq.gz		A
d185	/ei/projects/5/542de014-1e71-4955-945a-5d2ab09567a7/CEH_soil_project/metag/raw/d185/d185_R1.fastq.gz	/ei/projects/5/542de014-1e71-4955-945a-5d2ab09567a7/CEH_soil_project/metag/raw/d185/d185_R2.fastq.gz		A
d186	/ei/projects/5/542de014-1e71-4955-945a-5d2ab09567a7/CEH_soil_project/metag/raw/d186/d186_R1.fastq.gz	/ei/projects/5/542de014-1e71-4955-945a-5d2ab09567a7/CEH_soil_project/metag/raw/d186/d186_R2.fastq.gz		A
d187	/ei/projects/5/542de014-1e71-4955-945a-5d2ab09567a7/CEH_soil_project/metag/raw/d187/d187_R1.fastq.gz	/ei/projects/5/542de014-1e71-4955-945a-5d2ab09567a7/CEH_soil_project/metag/raw/d187/d187_R2.fastq.gz		A
d188	/ei/projects/5/542de014-1e71-4955-945a-5d2ab09567a7/CEH_soil_project/metag/raw/d188/d188_R1.fastq.gz	/ei/projects/5/542de014-1e71-4955-945a-5d2ab09567a7/CEH_soil_project/metag/raw/d188/d188_R2.fastq.gz		A
d189	/ei/projects/5/542de014-1e71-4955-945a-5d2ab09567a7/CEH_soil_project/metag/raw/d189/d189_R1.fastq.gz	/ei/projects/5/542de014-1e71-4955-945a-5d2ab09567a7/CEH_soil_project/metag/raw/d189/d189_R2.fastq.gz		A
d19	/ei/projects/5/542de014-1e71-4955-945a-5d2ab09567a7/CEH_soil_project/metag/raw/d19/d19_R1.fastq.gz	/ei/projects/5/542de014-1e71-4955-945a-5d2ab09567a7/CEH_soil_project/metag/raw/d19/d19_R2.fastq.gz		A
d190	/ei/projects/5/542de014-1e71-4955-945a-5d2ab09567a7/CEH_soil_project/metag/raw/d190/d190_R1.fastq.gz	/ei/projects/5/542de014-1e71-4955-945a-5d2ab09567a7/CEH_soil_project/metag/raw/d190/d190_R2.fastq.gz		A
d191	/ei/projects/5/542de014-1e71-4955-945a-5d2ab09567a7/CEH_soil_project/metag/raw/d191/d191_R1.fastq.gz	/ei/projects/5/542de014-1e71-4955-945a-5d2ab09567a7/CEH_soil_project/metag/raw/d191/d191_R2.fastq.gz		A
d192	/ei/projects/5/542de014-1e71-4955-945a-5d2ab09567a7/CEH_soil_project/metag/raw/d192/d192_R1.fastq.gz	/ei/projects/5/542de014-1e71-4955-945a-5d2ab09567a7/CEH_soil_project/metag/raw/d192/d192_R2.fastq.gz		A
d193	/ei/projects/5/542de014-1e71-4955-945a-5d2ab09567a7/CEH_soil_project/metag/raw/d193/d193_R1.fastq.gz	/ei/projects/5/542de014-1e71-4955-945a-5d2ab09567a7/CEH_soil_project/metag/raw/d193/d193_R2.fastq.gz		A
d194	/ei/projects/5/542de014-1e71-4955-945a-5d2ab09567a7/CEH_soil_project/metag/raw/d194/d194_R1.fastq.gz	/ei/projects/5/542de014-1e71-4955-945a-5d2ab09567a7/CEH_soil_project/metag/raw/d194/d194_R2.fastq.gz		A
d195	/ei/projects/5/542de014-1e71-4955-945a-5d2ab09567a7/CEH_soil_project/metag/raw/d195/d195_R1.fastq.gz	/ei/projects/5/542de014-1e71-4955-945a-5d2ab09567a7/CEH_soil_project/metag/raw/d195/d195_R2.fastq.gz		A
d196	/ei/projects/5/542de014-1e71-4955-945a-5d2ab09567a7/CEH_soil_project/metag/raw/d196/d196_R1.fastq.gz	/ei/projects/5/542de014-1e71-4955-945a-5d2ab09567a7/CEH_soil_project/metag/raw/d196/d196_R2.fastq.gz		A
d197	/ei/projects/5/542de014-1e71-4955-945a-5d2ab09567a7/CEH_soil_project/metag/raw/d197/d197_R1.fastq.gz	/ei/projects/5/542de014-1e71-4955-945a-5d2ab09567a7/CEH_soil_project/metag/raw/d197/d197_R2.fastq.gz		A
d198	/ei/projects/5/542de014-1e71-4955-945a-5d2ab09567a7/CEH_soil_project/metag/raw/d198/d198_R1.fastq.gz	/ei/projects/5/542de014-1e71-4955-945a-5d2ab09567a7/CEH_soil_project/metag/raw/d198/d198_R2.fastq.gz		A
d199	/ei/projects/5/542de014-1e71-4955-945a-5d2ab09567a7/CEH_soil_project/metag/raw/d199/d199_R1.fastq.gz	/ei/projects/5/542de014-1e71-4955-945a-5d2ab09567a7/CEH_soil_project/metag/raw/d199/d199_R2.fastq.gz		A
d20	/ei/projects/5/542de014-1e71-4955-945a-5d2ab09567a7/CEH_soil_project/metag/raw/d20/d20_R1.fastq.gz	/ei/projects/5/542de014-1e71-4955-945a-5d2ab09567a7/CEH_soil_project/metag/raw/d20/d20_R2.fastq.gz		A
d200	/ei/projects/5/542de014-1e71-4955-945a-5d2ab09567a7/CEH_soil_project/metag/raw/d200/d200_R1.fastq.gz	/ei/projects/5/542de014-1e71-4955-945a-5d2ab09567a7/CEH_soil_project/metag/raw/d200/d200_R2.fastq.gz		A
d201	/ei/projects/5/542de014-1e71-4955-945a-5d2ab09567a7/CEH_soil_project/metag/raw/d201/d201_R1.fastq.gz	/ei/projects/5/542de014-1e71-4955-945a-5d2ab09567a7/CEH_soil_project/metag/raw/d201/d201_R2.fastq.gz		A
d202	/ei/projects/5/542de014-1e71-4955-945a-5d2ab09567a7/CEH_soil_project/metag/raw/d202/d202_R1.fastq.gz	/ei/projects/5/542de014-1e71-4955-945a-5d2ab09567a7/CEH_soil_project/metag/raw/d202/d202_R2.fastq.gz		A
d203	/ei/projects/5/542de014-1e71-4955-945a-5d2ab09567a7/CEH_soil_project/metag/raw/d203/d203_R1.fastq.gz	/ei/projects/5/542de014-1e71-4955-945a-5d2ab09567a7/CEH_soil_project/metag/raw/d203/d203_R2.fastq.gz		A
d204	/ei/projects/5/542de014-1e71-4955-945a-5d2ab09567a7/CEH_soil_project/metag/raw/d204/d204_R1.fastq.gz	/ei/projects/5/542de014-1e71-4955-945a-5d2ab09567a7/CEH_soil_project/metag/raw/d204/d204_R2.fastq.gz		A
d205	/ei/projects/5/542de014-1e71-4955-945a-5d2ab09567a7/CEH_soil_project/metag/raw/d205/d205_R1.fastq.gz	/ei/projects/5/542de014-1e71-4955-945a-5d2ab09567a7/CEH_soil_project/metag/raw/d205/d205_R2.fastq.gz		A
d206	/ei/projects/5/542de014-1e71-4955-945a-5d2ab09567a7/CEH_soil_project/metag/raw/d206/d206_R1.fastq.gz	/ei/projects/5/542de014-1e71-4955-945a-5d2ab09567a7/CEH_soil_project/metag/raw/d206/d206_R2.fastq.gz		A
d207	/ei/projects/5/542de014-1e71-4955-945a-5d2ab09567a7/CEH_soil_project/metag/raw/d207/d207_R1.fastq.gz	/ei/projects/5/542de014-1e71-4955-945a-5d2ab09567a7/CEH_soil_project/metag/raw/d207/d207_R2.fastq.gz		A
d208	/ei/projects/5/542de014-1e71-4955-945a-5d2ab09567a7/CEH_soil_project/metag/raw/d208/d208_R1.fastq.gz	/ei/projects/5/542de014-1e71-4955-945a-5d2ab09567a7/CEH_soil_project/metag/raw/d208/d208_R2.fastq.gz		A
d209	/ei/projects/5/542de014-1e71-4955-945a-5d2ab09567a7/CEH_soil_project/metag/raw/d209/d209_R1.fastq.gz	/ei/projects/5/542de014-1e71-4955-945a-5d2ab09567a7/CEH_soil_project/metag/raw/d209/d209_R2.fastq.gz		A
d21	/ei/projects/5/542de014-1e71-4955-945a-5d2ab09567a7/CEH_soil_project/metag/raw/d21/d21_R1.fastq.gz	/ei/projects/5/542de014-1e71-4955-945a-5d2ab09567a7/CEH_soil_project/metag/raw/d21/d21_R2.fastq.gz		A
d210	/ei/projects/5/542de014-1e71-4955-945a-5d2ab09567a7/CEH_soil_project/metag/raw/d210/d210_R1.fastq.gz	/ei/projects/5/542de014-1e71-4955-945a-5d2ab09567a7/CEH_soil_project/metag/raw/d210/d210_R2.fastq.gz		A
d211	/ei/projects/5/542de014-1e71-4955-945a-5d2ab09567a7/CEH_soil_project/metag/raw/d211/d211_R1.fastq.gz	/ei/projects/5/542de014-1e71-4955-945a-5d2ab09567a7/CEH_soil_project/metag/raw/d211/d211_R2.fastq.gz		A
d212	/ei/projects/5/542de014-1e71-4955-945a-5d2ab09567a7/CEH_soil_project/metag/raw/d212/d212_R1.fastq.gz	/ei/projects/5/542de014-1e71-4955-945a-5d2ab09567a7/CEH_soil_project/metag/raw/d212/d212_R2.fastq.gz		A
d213	/ei/projects/5/542de014-1e71-4955-945a-5d2ab09567a7/CEH_soil_project/metag/raw/d213/d213_R1.fastq.gz	/ei/projects/5/542de014-1e71-4955-945a-5d2ab09567a7/CEH_soil_project/metag/raw/d213/d213_R2.fastq.gz		A
d214	/ei/projects/5/542de014-1e71-4955-945a-5d2ab09567a7/CEH_soil_project/metag/raw/d214/d214_R1.fastq.gz	/ei/projects/5/542de014-1e71-4955-945a-5d2ab09567a7/CEH_soil_project/metag/raw/d214/d214_R2.fastq.gz		A
d215	/ei/projects/5/542de014-1e71-4955-945a-5d2ab09567a7/CEH_soil_project/metag/raw/d215/d215_R1.fastq.gz	/ei/projects/5/542de014-1e71-4955-945a-5d2ab09567a7/CEH_soil_project/metag/raw/d215/d215_R2.fastq.gz		A
d216	/ei/projects/5/542de014-1e71-4955-945a-5d2ab09567a7/CEH_soil_project/metag/raw/d216/d216_R1.fastq.gz	/ei/projects/5/542de014-1e71-4955-945a-5d2ab09567a7/CEH_soil_project/metag/raw/d216/d216_R2.fastq.gz		A
d217	/ei/projects/5/542de014-1e71-4955-945a-5d2ab09567a7/CEH_soil_project/metag/raw/d217/d217_R1.fastq.gz	/ei/projects/5/542de014-1e71-4955-945a-5d2ab09567a7/CEH_soil_project/metag/raw/d217/d217_R2.fastq.gz		A
d218	/ei/projects/5/542de014-1e71-4955-945a-5d2ab09567a7/CEH_soil_project/metag/raw/d218/d218_R1.fastq.gz	/ei/projects/5/542de014-1e71-4955-945a-5d2ab09567a7/CEH_soil_project/metag/raw/d218/d218_R2.fastq.gz		A
d219	/ei/projects/5/542de014-1e71-4955-945a-5d2ab09567a7/CEH_soil_project/metag/raw/d219/d219_R1.fastq.gz	/ei/projects/5/542de014-1e71-4955-945a-5d2ab09567a7/CEH_soil_project/metag/raw/d219/d219_R2.fastq.gz		A
d22	/ei/projects/5/542de014-1e71-4955-945a-5d2ab09567a7/CEH_soil_project/metag/raw/d22/d22_R1.fastq.gz	/ei/projects/5/542de014-1e71-4955-945a-5d2ab09567a7/CEH_soil_project/metag/raw/d22/d22_R2.fastq.gz		A
d220	/ei/projects/5/542de014-1e71-4955-945a-5d2ab09567a7/CEH_soil_project/metag/raw/d220/d220_R1.fastq.gz	/ei/projects/5/542de014-1e71-4955-945a-5d2ab09567a7/CEH_soil_project/metag/raw/d220/d220_R2.fastq.gz		A
d221	/ei/projects/5/542de014-1e71-4955-945a-5d2ab09567a7/CEH_soil_project/metag/raw/d221/d221_R1.fastq.gz	/ei/projects/5/542de014-1e71-4955-945a-5d2ab09567a7/CEH_soil_project/metag/raw/d221/d221_R2.fastq.gz		A
d222	/ei/projects/5/542de014-1e71-4955-945a-5d2ab09567a7/CEH_soil_project/metag/raw/d222/d222_R1.fastq.gz	/ei/projects/5/542de014-1e71-4955-945a-5d2ab09567a7/CEH_soil_project/metag/raw/d222/d222_R2.fastq.gz		A
d223	/ei/projects/5/542de014-1e71-4955-945a-5d2ab09567a7/CEH_soil_project/metag/raw/d223/d223_R1.fastq.gz	/ei/projects/5/542de014-1e71-4955-945a-5d2ab09567a7/CEH_soil_project/metag/raw/d223/d223_R2.fastq.gz		A
d224	/ei/projects/5/542de014-1e71-4955-945a-5d2ab09567a7/CEH_soil_project/metag/raw/d224/d224_R1.fastq.gz	/ei/projects/5/542de014-1e71-4955-945a-5d2ab09567a7/CEH_soil_project/metag/raw/d224/d224_R2.fastq.gz		A
d225	/ei/projects/5/542de014-1e71-4955-945a-5d2ab09567a7/CEH_soil_project/metag/raw/d225/d225_R1.fastq.gz	/ei/projects/5/542de014-1e71-4955-945a-5d2ab09567a7/CEH_soil_project/metag/raw/d225/d225_R2.fastq.gz		A
d226	/ei/projects/5/542de014-1e71-4955-945a-5d2ab09567a7/CEH_soil_project/metag/raw/d226/d226_R1.fastq.gz	/ei/projects/5/542de014-1e71-4955-945a-5d2ab09567a7/CEH_soil_project/metag/raw/d226/d226_R2.fastq.gz		A
d227	/ei/projects/5/542de014-1e71-4955-945a-5d2ab09567a7/CEH_soil_project/metag/raw/d227/d227_R1.fastq.gz	/ei/projects/5/542de014-1e71-4955-945a-5d2ab09567a7/CEH_soil_project/metag/raw/d227/d227_R2.fastq.gz		A
d228	/ei/projects/5/542de014-1e71-4955-945a-5d2ab09567a7/CEH_soil_project/metag/raw/d228/d228_R1.fastq.gz	/ei/projects/5/542de014-1e71-4955-945a-5d2ab09567a7/CEH_soil_project/metag/raw/d228/d228_R2.fastq.gz		A
d229	/ei/projects/5/542de014-1e71-4955-945a-5d2ab09567a7/CEH_soil_project/metag/raw/d229/d229_R1.fastq.gz	/ei/projects/5/542de014-1e71-4955-945a-5d2ab09567a7/CEH_soil_project/metag/raw/d229/d229_R2.fastq.gz		A
d23	/ei/projects/5/542de014-1e71-4955-945a-5d2ab09567a7/CEH_soil_project/metag/raw/d23/d23_R1.fastq.gz	/ei/projects/5/542de014-1e71-4955-945a-5d2ab09567a7/CEH_soil_project/metag/raw/d23/d23_R2.fastq.gz		A
d230	/ei/projects/5/542de014-1e71-4955-945a-5d2ab09567a7/CEH_soil_project/metag/raw/d230/d230_R1.fastq.gz	/ei/projects/5/542de014-1e71-4955-945a-5d2ab09567a7/CEH_soil_project/metag/raw/d230/d230_R2.fastq.gz		A
d231	/ei/projects/5/542de014-1e71-4955-945a-5d2ab09567a7/CEH_soil_project/metag/raw/d231/d231_R1.fastq.gz	/ei/projects/5/542de014-1e71-4955-945a-5d2ab09567a7/CEH_soil_project/metag/raw/d231/d231_R2.fastq.gz		A
d232	/ei/projects/5/542de014-1e71-4955-945a-5d2ab09567a7/CEH_soil_project/metag/raw/d232/d232_R1.fastq.gz	/ei/projects/5/542de014-1e71-4955-945a-5d2ab09567a7/CEH_soil_project/metag/raw/d232/d232_R2.fastq.gz		A
d233	/ei/projects/5/542de014-1e71-4955-945a-5d2ab09567a7/CEH_soil_project/metag/raw/d233/d233_R1.fastq.gz	/ei/projects/5/542de014-1e71-4955-945a-5d2ab09567a7/CEH_soil_project/metag/raw/d233/d233_R2.fastq.gz		A
d234	/ei/projects/5/542de014-1e71-4955-945a-5d2ab09567a7/CEH_soil_project/metag/raw/d234/d234_R1.fastq.gz	/ei/projects/5/542de014-1e71-4955-945a-5d2ab09567a7/CEH_soil_project/metag/raw/d234/d234_R2.fastq.gz		A
d235	/ei/projects/5/542de014-1e71-4955-945a-5d2ab09567a7/CEH_soil_project/metag/raw/d235/d235_R1.fastq.gz	/ei/projects/5/542de014-1e71-4955-945a-5d2ab09567a7/CEH_soil_project/metag/raw/d235/d235_R2.fastq.gz		A
d236	/ei/projects/5/542de014-1e71-4955-945a-5d2ab09567a7/CEH_soil_project/metag/raw/d236/d236_R1.fastq.gz	/ei/projects/5/542de014-1e71-4955-945a-5d2ab09567a7/CEH_soil_project/metag/raw/d236/d236_R2.fastq.gz		A
d237	/ei/projects/5/542de014-1e71-4955-945a-5d2ab09567a7/CEH_soil_project/metag/raw/d237/d237_R1.fastq.gz	/ei/projects/5/542de014-1e71-4955-945a-5d2ab09567a7/CEH_soil_project/metag/raw/d237/d237_R2.fastq.gz		A
d238	/ei/projects/5/542de014-1e71-4955-945a-5d2ab09567a7/CEH_soil_project/metag/raw/d238/d238_R1.fastq.gz	/ei/projects/5/542de014-1e71-4955-945a-5d2ab09567a7/CEH_soil_project/metag/raw/d238/d238_R2.fastq.gz		A
d239	/ei/projects/5/542de014-1e71-4955-945a-5d2ab09567a7/CEH_soil_project/metag/raw/d239/d239_R1.fastq.gz	/ei/projects/5/542de014-1e71-4955-945a-5d2ab09567a7/CEH_soil_project/metag/raw/d239/d239_R2.fastq.gz		A
d24	/ei/projects/5/542de014-1e71-4955-945a-5d2ab09567a7/CEH_soil_project/metag/raw/d24/d24_R1.fastq.gz	/ei/projects/5/542de014-1e71-4955-945a-5d2ab09567a7/CEH_soil_project/metag/raw/d24/d24_R2.fastq.gz		A
d240	/ei/projects/5/542de014-1e71-4955-945a-5d2ab09567a7/CEH_soil_project/metag/raw/d240/d240_R1.fastq.gz	/ei/projects/5/542de014-1e71-4955-945a-5d2ab09567a7/CEH_soil_project/metag/raw/d240/d240_R2.fastq.gz		A
d241	/ei/projects/5/542de014-1e71-4955-945a-5d2ab09567a7/CEH_soil_project/metag/raw/d241/d241_R1.fastq.gz	/ei/projects/5/542de014-1e71-4955-945a-5d2ab09567a7/CEH_soil_project/metag/raw/d241/d241_R2.fastq.gz		A
d242	/ei/projects/5/542de014-1e71-4955-945a-5d2ab09567a7/CEH_soil_project/metag/raw/d242/d242_R1.fastq.gz	/ei/projects/5/542de014-1e71-4955-945a-5d2ab09567a7/CEH_soil_project/metag/raw/d242/d242_R2.fastq.gz		A
d243	/ei/projects/5/542de014-1e71-4955-945a-5d2ab09567a7/CEH_soil_project/metag/raw/d243/d243_R1.fastq.gz	/ei/projects/5/542de014-1e71-4955-945a-5d2ab09567a7/CEH_soil_project/metag/raw/d243/d243_R2.fastq.gz		A
d244	/ei/projects/5/542de014-1e71-4955-945a-5d2ab09567a7/CEH_soil_project/metag/raw/d244/d244_R1.fastq.gz	/ei/projects/5/542de014-1e71-4955-945a-5d2ab09567a7/CEH_soil_project/metag/raw/d244/d244_R2.fastq.gz		A
d245	/ei/projects/5/542de014-1e71-4955-945a-5d2ab09567a7/CEH_soil_project/metag/raw/d245/d245_R1.fastq.gz	/ei/projects/5/542de014-1e71-4955-945a-5d2ab09567a7/CEH_soil_project/metag/raw/d245/d245_R2.fastq.gz		A
d246	/ei/projects/5/542de014-1e71-4955-945a-5d2ab09567a7/CEH_soil_project/metag/raw/d246/d246_R1.fastq.gz	/ei/projects/5/542de014-1e71-4955-945a-5d2ab09567a7/CEH_soil_project/metag/raw/d246/d246_R2.fastq.gz		A
d247	/ei/projects/5/542de014-1e71-4955-945a-5d2ab09567a7/CEH_soil_project/metag/raw/d247/d247_R1.fastq.gz	/ei/projects/5/542de014-1e71-4955-945a-5d2ab09567a7/CEH_soil_project/metag/raw/d247/d247_R2.fastq.gz		A
d248	/ei/projects/5/542de014-1e71-4955-945a-5d2ab09567a7/CEH_soil_project/metag/raw/d248/d248_R1.fastq.gz	/ei/projects/5/542de014-1e71-4955-945a-5d2ab09567a7/CEH_soil_project/metag/raw/d248/d248_R2.fastq.gz		A
d249	/ei/projects/5/542de014-1e71-4955-945a-5d2ab09567a7/CEH_soil_project/metag/raw/d249/d249_R1.fastq.gz	/ei/projects/5/542de014-1e71-4955-945a-5d2ab09567a7/CEH_soil_project/metag/raw/d249/d249_R2.fastq.gz		A
d25	/ei/projects/5/542de014-1e71-4955-945a-5d2ab09567a7/CEH_soil_project/metag/raw/d25/d25_R1.fastq.gz	/ei/projects/5/542de014-1e71-4955-945a-5d2ab09567a7/CEH_soil_project/metag/raw/d25/d25_R2.fastq.gz		A
d250	/ei/projects/5/542de014-1e71-4955-945a-5d2ab09567a7/CEH_soil_project/metag/raw/d250/d250_R1.fastq.gz	/ei/projects/5/542de014-1e71-4955-945a-5d2ab09567a7/CEH_soil_project/metag/raw/d250/d250_R2.fastq.gz		A
d251	/ei/projects/5/542de014-1e71-4955-945a-5d2ab09567a7/CEH_soil_project/metag/raw/d251/d251_R1.fastq.gz	/ei/projects/5/542de014-1e71-4955-945a-5d2ab09567a7/CEH_soil_project/metag/raw/d251/d251_R2.fastq.gz		A
d252	/ei/projects/5/542de014-1e71-4955-945a-5d2ab09567a7/CEH_soil_project/metag/raw/d252/d252_R1.fastq.gz	/ei/projects/5/542de014-1e71-4955-945a-5d2ab09567a7/CEH_soil_project/metag/raw/d252/d252_R2.fastq.gz		A
d253	/ei/projects/5/542de014-1e71-4955-945a-5d2ab09567a7/CEH_soil_project/metag/raw/d253/d253_R1.fastq.gz	/ei/projects/5/542de014-1e71-4955-945a-5d2ab09567a7/CEH_soil_project/metag/raw/d253/d253_R2.fastq.gz		A
d254	/ei/projects/5/542de014-1e71-4955-945a-5d2ab09567a7/CEH_soil_project/metag/raw/d254/d254_R1.fastq.gz	/ei/projects/5/542de014-1e71-4955-945a-5d2ab09567a7/CEH_soil_project/metag/raw/d254/d254_R2.fastq.gz		A
d255	/ei/projects/5/542de014-1e71-4955-945a-5d2ab09567a7/CEH_soil_project/metag/raw/d255/d255_R1.fastq.gz	/ei/projects/5/542de014-1e71-4955-945a-5d2ab09567a7/CEH_soil_project/metag/raw/d255/d255_R2.fastq.gz		A
d256	/ei/projects/5/542de014-1e71-4955-945a-5d2ab09567a7/CEH_soil_project/metag/raw/d256/d256_R1.fastq.gz	/ei/projects/5/542de014-1e71-4955-945a-5d2ab09567a7/CEH_soil_project/metag/raw/d256/d256_R2.fastq.gz		A
d257	/ei/projects/5/542de014-1e71-4955-945a-5d2ab09567a7/CEH_soil_project/metag/raw/d257/d257_R1.fastq.gz	/ei/projects/5/542de014-1e71-4955-945a-5d2ab09567a7/CEH_soil_project/metag/raw/d257/d257_R2.fastq.gz		A
d258	/ei/projects/5/542de014-1e71-4955-945a-5d2ab09567a7/CEH_soil_project/metag/raw/d258/d258_R1.fastq.gz	/ei/projects/5/542de014-1e71-4955-945a-5d2ab09567a7/CEH_soil_project/metag/raw/d258/d258_R2.fastq.gz		A
d259	/ei/projects/5/542de014-1e71-4955-945a-5d2ab09567a7/CEH_soil_project/metag/raw/d259/d259_R1.fastq.gz	/ei/projects/5/542de014-1e71-4955-945a-5d2ab09567a7/CEH_soil_project/metag/raw/d259/d259_R2.fastq.gz		A
d26	/ei/projects/5/542de014-1e71-4955-945a-5d2ab09567a7/CEH_soil_project/metag/raw/d26/d26_R1.fastq.gz	/ei/projects/5/542de014-1e71-4955-945a-5d2ab09567a7/CEH_soil_project/metag/raw/d26/d26_R2.fastq.gz		A
d260	/ei/projects/5/542de014-1e71-4955-945a-5d2ab09567a7/CEH_soil_project/metag/raw/d260/d260_R1.fastq.gz	/ei/projects/5/542de014-1e71-4955-945a-5d2ab09567a7/CEH_soil_project/metag/raw/d260/d260_R2.fastq.gz		A
d261	/ei/projects/5/542de014-1e71-4955-945a-5d2ab09567a7/CEH_soil_project/metag/raw/d261/d261_R1.fastq.gz	/ei/projects/5/542de014-1e71-4955-945a-5d2ab09567a7/CEH_soil_project/metag/raw/d261/d261_R2.fastq.gz		A
d262	/ei/projects/5/542de014-1e71-4955-945a-5d2ab09567a7/CEH_soil_project/metag/raw/d262/d262_R1.fastq.gz	/ei/projects/5/542de014-1e71-4955-945a-5d2ab09567a7/CEH_soil_project/metag/raw/d262/d262_R2.fastq.gz		A
d263	/ei/projects/5/542de014-1e71-4955-945a-5d2ab09567a7/CEH_soil_project/metag/raw/d263/d263_R1.fastq.gz	/ei/projects/5/542de014-1e71-4955-945a-5d2ab09567a7/CEH_soil_project/metag/raw/d263/d263_R2.fastq.gz		A
d264	/ei/projects/5/542de014-1e71-4955-945a-5d2ab09567a7/CEH_soil_project/metag/raw/d264/d264_R1.fastq.gz	/ei/projects/5/542de014-1e71-4955-945a-5d2ab09567a7/CEH_soil_project/metag/raw/d264/d264_R2.fastq.gz		A
d265	/ei/projects/5/542de014-1e71-4955-945a-5d2ab09567a7/CEH_soil_project/metag/raw/d265/d265_R1.fastq.gz	/ei/projects/5/542de014-1e71-4955-945a-5d2ab09567a7/CEH_soil_project/metag/raw/d265/d265_R2.fastq.gz		A
d266	/ei/projects/5/542de014-1e71-4955-945a-5d2ab09567a7/CEH_soil_project/metag/raw/d266/d266_R1.fastq.gz	/ei/projects/5/542de014-1e71-4955-945a-5d2ab09567a7/CEH_soil_project/metag/raw/d266/d266_R2.fastq.gz		A
d267	/ei/projects/5/542de014-1e71-4955-945a-5d2ab09567a7/CEH_soil_project/metag/raw/d267/d267_R1.fastq.gz	/ei/projects/5/542de014-1e71-4955-945a-5d2ab09567a7/CEH_soil_project/metag/raw/d267/d267_R2.fastq.gz		A
d268	/ei/projects/5/542de014-1e71-4955-945a-5d2ab09567a7/CEH_soil_project/metag/raw/d268/d268_R1.fastq.gz	/ei/projects/5/542de014-1e71-4955-945a-5d2ab09567a7/CEH_soil_project/metag/raw/d268/d268_R2.fastq.gz		A
d269	/ei/projects/5/542de014-1e71-4955-945a-5d2ab09567a7/CEH_soil_project/metag/raw/d269/d269_R1.fastq.gz	/ei/projects/5/542de014-1e71-4955-945a-5d2ab09567a7/CEH_soil_project/metag/raw/d269/d269_R2.fastq.gz		A
d27	/ei/projects/5/542de014-1e71-4955-945a-5d2ab09567a7/CEH_soil_project/metag/raw/d27/d27_R1.fastq.gz	/ei/projects/5/542de014-1e71-4955-945a-5d2ab09567a7/CEH_soil_project/metag/raw/d27/d27_R2.fastq.gz		A
d270	/ei/projects/5/542de014-1e71-4955-945a-5d2ab09567a7/CEH_soil_project/metag/raw/d270/d270_R1.fastq.gz	/ei/projects/5/542de014-1e71-4955-945a-5d2ab09567a7/CEH_soil_project/metag/raw/d270/d270_R2.fastq.gz		A
d271	/ei/projects/5/542de014-1e71-4955-945a-5d2ab09567a7/CEH_soil_project/metag/raw/d271/d271_R1.fastq.gz	/ei/projects/5/542de014-1e71-4955-945a-5d2ab09567a7/CEH_soil_project/metag/raw/d271/d271_R2.fastq.gz		A
d272	/ei/projects/5/542de014-1e71-4955-945a-5d2ab09567a7/CEH_soil_project/metag/raw/d272/d272_R1.fastq.gz	/ei/projects/5/542de014-1e71-4955-945a-5d2ab09567a7/CEH_soil_project/metag/raw/d272/d272_R2.fastq.gz		A
d273	/ei/projects/5/542de014-1e71-4955-945a-5d2ab09567a7/CEH_soil_project/metag/raw/d273/d273_R1.fastq.gz	/ei/projects/5/542de014-1e71-4955-945a-5d2ab09567a7/CEH_soil_project/metag/raw/d273/d273_R2.fastq.gz		A
d274	/ei/projects/5/542de014-1e71-4955-945a-5d2ab09567a7/CEH_soil_project/metag/raw/d274/d274_R1.fastq.gz	/ei/projects/5/542de014-1e71-4955-945a-5d2ab09567a7/CEH_soil_project/metag/raw/d274/d274_R2.fastq.gz		A
d275	/ei/projects/5/542de014-1e71-4955-945a-5d2ab09567a7/CEH_soil_project/metag/raw/d275/d275_R1.fastq.gz	/ei/projects/5/542de014-1e71-4955-945a-5d2ab09567a7/CEH_soil_project/metag/raw/d275/d275_R2.fastq.gz		A
d276	/ei/projects/5/542de014-1e71-4955-945a-5d2ab09567a7/CEH_soil_project/metag/raw/d276/d276_R1.fastq.gz	/ei/projects/5/542de014-1e71-4955-945a-5d2ab09567a7/CEH_soil_project/metag/raw/d276/d276_R2.fastq.gz		A
d277	/ei/projects/5/542de014-1e71-4955-945a-5d2ab09567a7/CEH_soil_project/metag/raw/d277/d277_R1.fastq.gz	/ei/projects/5/542de014-1e71-4955-945a-5d2ab09567a7/CEH_soil_project/metag/raw/d277/d277_R2.fastq.gz		A
d278	/ei/projects/5/542de014-1e71-4955-945a-5d2ab09567a7/CEH_soil_project/metag/raw/d278/d278_R1.fastq.gz	/ei/projects/5/542de014-1e71-4955-945a-5d2ab09567a7/CEH_soil_project/metag/raw/d278/d278_R2.fastq.gz		A
d279	/ei/projects/5/542de014-1e71-4955-945a-5d2ab09567a7/CEH_soil_project/metag/raw/d279/d279_R1.fastq.gz	/ei/projects/5/542de014-1e71-4955-945a-5d2ab09567a7/CEH_soil_project/metag/raw/d279/d279_R2.fastq.gz		A
d28	/ei/projects/5/542de014-1e71-4955-945a-5d2ab09567a7/CEH_soil_project/metag/raw/d28/d28_R1.fastq.gz	/ei/projects/5/542de014-1e71-4955-945a-5d2ab09567a7/CEH_soil_project/metag/raw/d28/d28_R2.fastq.gz		A
d280	/ei/projects/5/542de014-1e71-4955-945a-5d2ab09567a7/CEH_soil_project/metag/raw/d280/d280_R1.fastq.gz	/ei/projects/5/542de014-1e71-4955-945a-5d2ab09567a7/CEH_soil_project/metag/raw/d280/d280_R2.fastq.gz		A
d281	/ei/projects/5/542de014-1e71-4955-945a-5d2ab09567a7/CEH_soil_project/metag/raw/d281/d281_R1.fastq.gz	/ei/projects/5/542de014-1e71-4955-945a-5d2ab09567a7/CEH_soil_project/metag/raw/d281/d281_R2.fastq.gz		A
d282	/ei/projects/5/542de014-1e71-4955-945a-5d2ab09567a7/CEH_soil_project/metag/raw/d282/d282_R1.fastq.gz	/ei/projects/5/542de014-1e71-4955-945a-5d2ab09567a7/CEH_soil_project/metag/raw/d282/d282_R2.fastq.gz		A
d283	/ei/projects/5/542de014-1e71-4955-945a-5d2ab09567a7/CEH_soil_project/metag/raw/d283/d283_R1.fastq.gz	/ei/projects/5/542de014-1e71-4955-945a-5d2ab09567a7/CEH_soil_project/metag/raw/d283/d283_R2.fastq.gz		A
d285	/ei/projects/5/542de014-1e71-4955-945a-5d2ab09567a7/CEH_soil_project/metag/raw/d285/d285_R1.fastq.gz	/ei/projects/5/542de014-1e71-4955-945a-5d2ab09567a7/CEH_soil_project/metag/raw/d285/d285_R2.fastq.gz		A
d286	/ei/projects/5/542de014-1e71-4955-945a-5d2ab09567a7/CEH_soil_project/metag/raw/d286/d286_R1.fastq.gz	/ei/projects/5/542de014-1e71-4955-945a-5d2ab09567a7/CEH_soil_project/metag/raw/d286/d286_R2.fastq.gz		A
d287	/ei/projects/5/542de014-1e71-4955-945a-5d2ab09567a7/CEH_soil_project/metag/raw/d287/d287_R1.fastq.gz	/ei/projects/5/542de014-1e71-4955-945a-5d2ab09567a7/CEH_soil_project/metag/raw/d287/d287_R2.fastq.gz		A
d288	/ei/projects/5/542de014-1e71-4955-945a-5d2ab09567a7/CEH_soil_project/metag/raw/d288/d288_R1.fastq.gz	/ei/projects/5/542de014-1e71-4955-945a-5d2ab09567a7/CEH_soil_project/metag/raw/d288/d288_R2.fastq.gz		A
d289	/ei/projects/5/542de014-1e71-4955-945a-5d2ab09567a7/CEH_soil_project/metag/raw/d289/d289_R1.fastq.gz	/ei/projects/5/542de014-1e71-4955-945a-5d2ab09567a7/CEH_soil_project/metag/raw/d289/d289_R2.fastq.gz		A
d29	/ei/projects/5/542de014-1e71-4955-945a-5d2ab09567a7/CEH_soil_project/metag/raw/d29/d29_R1.fastq.gz	/ei/projects/5/542de014-1e71-4955-945a-5d2ab09567a7/CEH_soil_project/metag/raw/d29/d29_R2.fastq.gz		A
d290	/ei/projects/5/542de014-1e71-4955-945a-5d2ab09567a7/CEH_soil_project/metag/raw/d290/d290_R1.fastq.gz	/ei/projects/5/542de014-1e71-4955-945a-5d2ab09567a7/CEH_soil_project/metag/raw/d290/d290_R2.fastq.gz		A
d291	/ei/projects/5/542de014-1e71-4955-945a-5d2ab09567a7/CEH_soil_project/metag/raw/d291/d291_R1.fastq.gz	/ei/projects/5/542de014-1e71-4955-945a-5d2ab09567a7/CEH_soil_project/metag/raw/d291/d291_R2.fastq.gz		A
d292	/ei/projects/5/542de014-1e71-4955-945a-5d2ab09567a7/CEH_soil_project/metag/raw/d292/d292_R1.fastq.gz	/ei/projects/5/542de014-1e71-4955-945a-5d2ab09567a7/CEH_soil_project/metag/raw/d292/d292_R2.fastq.gz		A
d293	/ei/projects/5/542de014-1e71-4955-945a-5d2ab09567a7/CEH_soil_project/metag/raw/d293/d293_R1.fastq.gz	/ei/projects/5/542de014-1e71-4955-945a-5d2ab09567a7/CEH_soil_project/metag/raw/d293/d293_R2.fastq.gz		A
d294	/ei/projects/5/542de014-1e71-4955-945a-5d2ab09567a7/CEH_soil_project/metag/raw/d294/d294_R1.fastq.gz	/ei/projects/5/542de014-1e71-4955-945a-5d2ab09567a7/CEH_soil_project/metag/raw/d294/d294_R2.fastq.gz		A
d295	/ei/projects/5/542de014-1e71-4955-945a-5d2ab09567a7/CEH_soil_project/metag/raw/d295/d295_R1.fastq.gz	/ei/projects/5/542de014-1e71-4955-945a-5d2ab09567a7/CEH_soil_project/metag/raw/d295/d295_R2.fastq.gz		A
d296	/ei/projects/5/542de014-1e71-4955-945a-5d2ab09567a7/CEH_soil_project/metag/raw/d296/d296_R1.fastq.gz	/ei/projects/5/542de014-1e71-4955-945a-5d2ab09567a7/CEH_soil_project/metag/raw/d296/d296_R2.fastq.gz		A
d297	/ei/projects/5/542de014-1e71-4955-945a-5d2ab09567a7/CEH_soil_project/metag/raw/d297/d297_R1.fastq.gz	/ei/projects/5/542de014-1e71-4955-945a-5d2ab09567a7/CEH_soil_project/metag/raw/d297/d297_R2.fastq.gz		A
d298	/ei/projects/5/542de014-1e71-4955-945a-5d2ab09567a7/CEH_soil_project/metag/raw/d298/d298_R1.fastq.gz	/ei/projects/5/542de014-1e71-4955-945a-5d2ab09567a7/CEH_soil_project/metag/raw/d298/d298_R2.fastq.gz		A
d299	/ei/projects/5/542de014-1e71-4955-945a-5d2ab09567a7/CEH_soil_project/metag/raw/d299/d299_R1.fastq.gz	/ei/projects/5/542de014-1e71-4955-945a-5d2ab09567a7/CEH_soil_project/metag/raw/d299/d299_R2.fastq.gz		A
d30	/ei/projects/5/542de014-1e71-4955-945a-5d2ab09567a7/CEH_soil_project/metag/raw/d30/d30_R1.fastq.gz	/ei/projects/5/542de014-1e71-4955-945a-5d2ab09567a7/CEH_soil_project/metag/raw/d30/d30_R2.fastq.gz		A
d300	/ei/projects/5/542de014-1e71-4955-945a-5d2ab09567a7/CEH_soil_project/metag/raw/d300/d300_R1.fastq.gz	/ei/projects/5/542de014-1e71-4955-945a-5d2ab09567a7/CEH_soil_project/metag/raw/d300/d300_R2.fastq.gz		A
d301	/ei/projects/5/542de014-1e71-4955-945a-5d2ab09567a7/CEH_soil_project/metag/raw/d301/d301_R1.fastq.gz	/ei/projects/5/542de014-1e71-4955-945a-5d2ab09567a7/CEH_soil_project/metag/raw/d301/d301_R2.fastq.gz		A
d302	/ei/projects/5/542de014-1e71-4955-945a-5d2ab09567a7/CEH_soil_project/metag/raw/d302/d302_R1.fastq.gz	/ei/projects/5/542de014-1e71-4955-945a-5d2ab09567a7/CEH_soil_project/metag/raw/d302/d302_R2.fastq.gz		A
d303	/ei/projects/5/542de014-1e71-4955-945a-5d2ab09567a7/CEH_soil_project/metag/raw/d303/d303_R1.fastq.gz	/ei/projects/5/542de014-1e71-4955-945a-5d2ab09567a7/CEH_soil_project/metag/raw/d303/d303_R2.fastq.gz		A
d304	/ei/projects/5/542de014-1e71-4955-945a-5d2ab09567a7/CEH_soil_project/metag/raw/d304/d304_R1.fastq.gz	/ei/projects/5/542de014-1e71-4955-945a-5d2ab09567a7/CEH_soil_project/metag/raw/d304/d304_R2.fastq.gz		A
d31	/ei/projects/5/542de014-1e71-4955-945a-5d2ab09567a7/CEH_soil_project/metag/raw/d31/d31_R1.fastq.gz	/ei/projects/5/542de014-1e71-4955-945a-5d2ab09567a7/CEH_soil_project/metag/raw/d31/d31_R2.fastq.gz		A
d32	/ei/projects/5/542de014-1e71-4955-945a-5d2ab09567a7/CEH_soil_project/metag/raw/d32/d32_R1.fastq.gz	/ei/projects/5/542de014-1e71-4955-945a-5d2ab09567a7/CEH_soil_project/metag/raw/d32/d32_R2.fastq.gz		A
d33	/ei/projects/5/542de014-1e71-4955-945a-5d2ab09567a7/CEH_soil_project/metag/raw/d33/d33_R1.fastq.gz	/ei/projects/5/542de014-1e71-4955-945a-5d2ab09567a7/CEH_soil_project/metag/raw/d33/d33_R2.fastq.gz		A
d34	/ei/projects/5/542de014-1e71-4955-945a-5d2ab09567a7/CEH_soil_project/metag/raw/d34/d34_R1.fastq.gz	/ei/projects/5/542de014-1e71-4955-945a-5d2ab09567a7/CEH_soil_project/metag/raw/d34/d34_R2.fastq.gz		A
d35	/ei/projects/5/542de014-1e71-4955-945a-5d2ab09567a7/CEH_soil_project/metag/raw/d35/d35_R1.fastq.gz	/ei/projects/5/542de014-1e71-4955-945a-5d2ab09567a7/CEH_soil_project/metag/raw/d35/d35_R2.fastq.gz		A
d36	/ei/projects/5/542de014-1e71-4955-945a-5d2ab09567a7/CEH_soil_project/metag/raw/d36/d36_R1.fastq.gz	/ei/projects/5/542de014-1e71-4955-945a-5d2ab09567a7/CEH_soil_project/metag/raw/d36/d36_R2.fastq.gz		A
d37	/ei/projects/5/542de014-1e71-4955-945a-5d2ab09567a7/CEH_soil_project/metag/raw/d37/d37_R1.fastq.gz	/ei/projects/5/542de014-1e71-4955-945a-5d2ab09567a7/CEH_soil_project/metag/raw/d37/d37_R2.fastq.gz		A
d38	/ei/projects/5/542de014-1e71-4955-945a-5d2ab09567a7/CEH_soil_project/metag/raw/d38/d38_R1.fastq.gz	/ei/projects/5/542de014-1e71-4955-945a-5d2ab09567a7/CEH_soil_project/metag/raw/d38/d38_R2.fastq.gz		A
d39	/ei/projects/5/542de014-1e71-4955-945a-5d2ab09567a7/CEH_soil_project/metag/raw/d39/d39_R1.fastq.gz	/ei/projects/5/542de014-1e71-4955-945a-5d2ab09567a7/CEH_soil_project/metag/raw/d39/d39_R2.fastq.gz		A
d40	/ei/projects/5/542de014-1e71-4955-945a-5d2ab09567a7/CEH_soil_project/metag/raw/d40/d40_R1.fastq.gz	/ei/projects/5/542de014-1e71-4955-945a-5d2ab09567a7/CEH_soil_project/metag/raw/d40/d40_R2.fastq.gz		A
d41	/ei/projects/5/542de014-1e71-4955-945a-5d2ab09567a7/CEH_soil_project/metag/raw/d41/d41_R1.fastq.gz	/ei/projects/5/542de014-1e71-4955-945a-5d2ab09567a7/CEH_soil_project/metag/raw/d41/d41_R2.fastq.gz		A
d42	/ei/projects/5/542de014-1e71-4955-945a-5d2ab09567a7/CEH_soil_project/metag/raw/d42/d42_R1.fastq.gz	/ei/projects/5/542de014-1e71-4955-945a-5d2ab09567a7/CEH_soil_project/metag/raw/d42/d42_R2.fastq.gz		A
d43	/ei/projects/5/542de014-1e71-4955-945a-5d2ab09567a7/CEH_soil_project/metag/raw/d43/d43_R1.fastq.gz	/ei/projects/5/542de014-1e71-4955-945a-5d2ab09567a7/CEH_soil_project/metag/raw/d43/d43_R2.fastq.gz		A
d44	/ei/projects/5/542de014-1e71-4955-945a-5d2ab09567a7/CEH_soil_project/metag/raw/d44/d44_R1.fastq.gz	/ei/projects/5/542de014-1e71-4955-945a-5d2ab09567a7/CEH_soil_project/metag/raw/d44/d44_R2.fastq.gz		A
d45	/ei/projects/5/542de014-1e71-4955-945a-5d2ab09567a7/CEH_soil_project/metag/raw/d45/d45_R1.fastq.gz	/ei/projects/5/542de014-1e71-4955-945a-5d2ab09567a7/CEH_soil_project/metag/raw/d45/d45_R2.fastq.gz		A
d46	/ei/projects/5/542de014-1e71-4955-945a-5d2ab09567a7/CEH_soil_project/metag/raw/d46/d46_R1.fastq.gz	/ei/projects/5/542de014-1e71-4955-945a-5d2ab09567a7/CEH_soil_project/metag/raw/d46/d46_R2.fastq.gz		A
d47	/ei/projects/5/542de014-1e71-4955-945a-5d2ab09567a7/CEH_soil_project/metag/raw/d47/d47_R1.fastq.gz	/ei/projects/5/542de014-1e71-4955-945a-5d2ab09567a7/CEH_soil_project/metag/raw/d47/d47_R2.fastq.gz		A
d48	/ei/projects/5/542de014-1e71-4955-945a-5d2ab09567a7/CEH_soil_project/metag/raw/d48/d48_R1.fastq.gz	/ei/projects/5/542de014-1e71-4955-945a-5d2ab09567a7/CEH_soil_project/metag/raw/d48/d48_R2.fastq.gz		A
d49	/ei/projects/5/542de014-1e71-4955-945a-5d2ab09567a7/CEH_soil_project/metag/raw/d49/d49_R1.fastq.gz	/ei/projects/5/542de014-1e71-4955-945a-5d2ab09567a7/CEH_soil_project/metag/raw/d49/d49_R2.fastq.gz		A
d5	/ei/projects/5/542de014-1e71-4955-945a-5d2ab09567a7/CEH_soil_project/metag/raw/d5/d5_R1.fastq.gz	/ei/projects/5/542de014-1e71-4955-945a-5d2ab09567a7/CEH_soil_project/metag/raw/d5/d5_R2.fastq.gz		A
d50	/ei/projects/5/542de014-1e71-4955-945a-5d2ab09567a7/CEH_soil_project/metag/raw/d50/d50_R1.fastq.gz	/ei/projects/5/542de014-1e71-4955-945a-5d2ab09567a7/CEH_soil_project/metag/raw/d50/d50_R2.fastq.gz		A
d51	/ei/projects/5/542de014-1e71-4955-945a-5d2ab09567a7/CEH_soil_project/metag/raw/d51/d51_R1.fastq.gz	/ei/projects/5/542de014-1e71-4955-945a-5d2ab09567a7/CEH_soil_project/metag/raw/d51/d51_R2.fastq.gz		A
d52	/ei/projects/5/542de014-1e71-4955-945a-5d2ab09567a7/CEH_soil_project/metag/raw/d52/d52_R1.fastq.gz	/ei/projects/5/542de014-1e71-4955-945a-5d2ab09567a7/CEH_soil_project/metag/raw/d52/d52_R2.fastq.gz		A
d53	/ei/projects/5/542de014-1e71-4955-945a-5d2ab09567a7/CEH_soil_project/metag/raw/d53/d53_R1.fastq.gz	/ei/projects/5/542de014-1e71-4955-945a-5d2ab09567a7/CEH_soil_project/metag/raw/d53/d53_R2.fastq.gz		A
d54	/ei/projects/5/542de014-1e71-4955-945a-5d2ab09567a7/CEH_soil_project/metag/raw/d54/d54_R1.fastq.gz	/ei/projects/5/542de014-1e71-4955-945a-5d2ab09567a7/CEH_soil_project/metag/raw/d54/d54_R2.fastq.gz		A
d55	/ei/projects/5/542de014-1e71-4955-945a-5d2ab09567a7/CEH_soil_project/metag/raw/d55/d55_R1.fastq.gz	/ei/projects/5/542de014-1e71-4955-945a-5d2ab09567a7/CEH_soil_project/metag/raw/d55/d55_R2.fastq.gz		A
d56	/ei/projects/5/542de014-1e71-4955-945a-5d2ab09567a7/CEH_soil_project/metag/raw/d56/d56_R1.fastq.gz	/ei/projects/5/542de014-1e71-4955-945a-5d2ab09567a7/CEH_soil_project/metag/raw/d56/d56_R2.fastq.gz		A
d57	/ei/projects/5/542de014-1e71-4955-945a-5d2ab09567a7/CEH_soil_project/metag/raw/d57/d57_R1.fastq.gz	/ei/projects/5/542de014-1e71-4955-945a-5d2ab09567a7/CEH_soil_project/metag/raw/d57/d57_R2.fastq.gz		A
d58	/ei/projects/5/542de014-1e71-4955-945a-5d2ab09567a7/CEH_soil_project/metag/raw/d58/d58_R1.fastq.gz	/ei/projects/5/542de014-1e71-4955-945a-5d2ab09567a7/CEH_soil_project/metag/raw/d58/d58_R2.fastq.gz		A
d59	/ei/projects/5/542de014-1e71-4955-945a-5d2ab09567a7/CEH_soil_project/metag/raw/d59/d59_R1.fastq.gz	/ei/projects/5/542de014-1e71-4955-945a-5d2ab09567a7/CEH_soil_project/metag/raw/d59/d59_R2.fastq.gz		A
d60	/ei/projects/5/542de014-1e71-4955-945a-5d2ab09567a7/CEH_soil_project/metag/raw/d60/d60_R1.fastq.gz	/ei/projects/5/542de014-1e71-4955-945a-5d2ab09567a7/CEH_soil_project/metag/raw/d60/d60_R2.fastq.gz		A
d61	/ei/projects/5/542de014-1e71-4955-945a-5d2ab09567a7/CEH_soil_project/metag/raw/d61/d61_R1.fastq.gz	/ei/projects/5/542de014-1e71-4955-945a-5d2ab09567a7/CEH_soil_project/metag/raw/d61/d61_R2.fastq.gz		A
d62	/ei/projects/5/542de014-1e71-4955-945a-5d2ab09567a7/CEH_soil_project/metag/raw/d62/d62_R1.fastq.gz	/ei/projects/5/542de014-1e71-4955-945a-5d2ab09567a7/CEH_soil_project/metag/raw/d62/d62_R2.fastq.gz		A
d63	/ei/projects/5/542de014-1e71-4955-945a-5d2ab09567a7/CEH_soil_project/metag/raw/d63/d63_R1.fastq.gz	/ei/projects/5/542de014-1e71-4955-945a-5d2ab09567a7/CEH_soil_project/metag/raw/d63/d63_R2.fastq.gz		A
d64	/ei/projects/5/542de014-1e71-4955-945a-5d2ab09567a7/CEH_soil_project/metag/raw/d64/d64_R1.fastq.gz	/ei/projects/5/542de014-1e71-4955-945a-5d2ab09567a7/CEH_soil_project/metag/raw/d64/d64_R2.fastq.gz		A
d65	/ei/projects/5/542de014-1e71-4955-945a-5d2ab09567a7/CEH_soil_project/metag/raw/d65/d65_R1.fastq.gz	/ei/projects/5/542de014-1e71-4955-945a-5d2ab09567a7/CEH_soil_project/metag/raw/d65/d65_R2.fastq.gz		A
d66	/ei/projects/5/542de014-1e71-4955-945a-5d2ab09567a7/CEH_soil_project/metag/raw/d66/d66_R1.fastq.gz	/ei/projects/5/542de014-1e71-4955-945a-5d2ab09567a7/CEH_soil_project/metag/raw/d66/d66_R2.fastq.gz		A
d67	/ei/projects/5/542de014-1e71-4955-945a-5d2ab09567a7/CEH_soil_project/metag/raw/d67/d67_R1.fastq.gz	/ei/projects/5/542de014-1e71-4955-945a-5d2ab09567a7/CEH_soil_project/metag/raw/d67/d67_R2.fastq.gz		A
d68	/ei/projects/5/542de014-1e71-4955-945a-5d2ab09567a7/CEH_soil_project/metag/raw/d68/d68_R1.fastq.gz	/ei/projects/5/542de014-1e71-4955-945a-5d2ab09567a7/CEH_soil_project/metag/raw/d68/d68_R2.fastq.gz		A
d7	/ei/projects/5/542de014-1e71-4955-945a-5d2ab09567a7/CEH_soil_project/metag/raw/d7/d7_R1.fastq.gz	/ei/projects/5/542de014-1e71-4955-945a-5d2ab09567a7/CEH_soil_project/metag/raw/d7/d7_R2.fastq.gz		A
d70	/ei/projects/5/542de014-1e71-4955-945a-5d2ab09567a7/CEH_soil_project/metag/raw/d70/d70_R1.fastq.gz	/ei/projects/5/542de014-1e71-4955-945a-5d2ab09567a7/CEH_soil_project/metag/raw/d70/d70_R2.fastq.gz		A
d71	/ei/projects/5/542de014-1e71-4955-945a-5d2ab09567a7/CEH_soil_project/metag/raw/d71/d71_R1.fastq.gz	/ei/projects/5/542de014-1e71-4955-945a-5d2ab09567a7/CEH_soil_project/metag/raw/d71/d71_R2.fastq.gz		A
d72	/ei/projects/5/542de014-1e71-4955-945a-5d2ab09567a7/CEH_soil_project/metag/raw/d72/d72_R1.fastq.gz	/ei/projects/5/542de014-1e71-4955-945a-5d2ab09567a7/CEH_soil_project/metag/raw/d72/d72_R2.fastq.gz		A
d73	/ei/projects/5/542de014-1e71-4955-945a-5d2ab09567a7/CEH_soil_project/metag/raw/d73/d73_R1.fastq.gz	/ei/projects/5/542de014-1e71-4955-945a-5d2ab09567a7/CEH_soil_project/metag/raw/d73/d73_R2.fastq.gz		A
d74	/ei/projects/5/542de014-1e71-4955-945a-5d2ab09567a7/CEH_soil_project/metag/raw/d74/d74_R1.fastq.gz	/ei/projects/5/542de014-1e71-4955-945a-5d2ab09567a7/CEH_soil_project/metag/raw/d74/d74_R2.fastq.gz		A
d75	/ei/projects/5/542de014-1e71-4955-945a-5d2ab09567a7/CEH_soil_project/metag/raw/d75/d75_R1.fastq.gz	/ei/projects/5/542de014-1e71-4955-945a-5d2ab09567a7/CEH_soil_project/metag/raw/d75/d75_R2.fastq.gz		A
d76	/ei/projects/5/542de014-1e71-4955-945a-5d2ab09567a7/CEH_soil_project/metag/raw/d76/d76_R1.fastq.gz	/ei/projects/5/542de014-1e71-4955-945a-5d2ab09567a7/CEH_soil_project/metag/raw/d76/d76_R2.fastq.gz		A
d77	/ei/projects/5/542de014-1e71-4955-945a-5d2ab09567a7/CEH_soil_project/metag/raw/d77/d77_R1.fastq.gz	/ei/projects/5/542de014-1e71-4955-945a-5d2ab09567a7/CEH_soil_project/metag/raw/d77/d77_R2.fastq.gz		A
d78	/ei/projects/5/542de014-1e71-4955-945a-5d2ab09567a7/CEH_soil_project/metag/raw/d78/d78_R1.fastq.gz	/ei/projects/5/542de014-1e71-4955-945a-5d2ab09567a7/CEH_soil_project/metag/raw/d78/d78_R2.fastq.gz		A
d79	/ei/projects/5/542de014-1e71-4955-945a-5d2ab09567a7/CEH_soil_project/metag/raw/d79/d79_R1.fastq.gz	/ei/projects/5/542de014-1e71-4955-945a-5d2ab09567a7/CEH_soil_project/metag/raw/d79/d79_R2.fastq.gz		A
d8	/ei/projects/5/542de014-1e71-4955-945a-5d2ab09567a7/CEH_soil_project/metag/raw/d8/d8_R1.fastq.gz	/ei/projects/5/542de014-1e71-4955-945a-5d2ab09567a7/CEH_soil_project/metag/raw/d8/d8_R2.fastq.gz		A
d80	/ei/projects/5/542de014-1e71-4955-945a-5d2ab09567a7/CEH_soil_project/metag/raw/d80/d80_R1.fastq.gz	/ei/projects/5/542de014-1e71-4955-945a-5d2ab09567a7/CEH_soil_project/metag/raw/d80/d80_R2.fastq.gz		A
d81	/ei/projects/5/542de014-1e71-4955-945a-5d2ab09567a7/CEH_soil_project/metag/raw/d81/d81_R1.fastq.gz	/ei/projects/5/542de014-1e71-4955-945a-5d2ab09567a7/CEH_soil_project/metag/raw/d81/d81_R2.fastq.gz		A
d82	/ei/projects/5/542de014-1e71-4955-945a-5d2ab09567a7/CEH_soil_project/metag/raw/d82/d82_R1.fastq.gz	/ei/projects/5/542de014-1e71-4955-945a-5d2ab09567a7/CEH_soil_project/metag/raw/d82/d82_R2.fastq.gz		A
d83	/ei/projects/5/542de014-1e71-4955-945a-5d2ab09567a7/CEH_soil_project/metag/raw/d83/d83_R1.fastq.gz	/ei/projects/5/542de014-1e71-4955-945a-5d2ab09567a7/CEH_soil_project/metag/raw/d83/d83_R2.fastq.gz		A
d84	/ei/projects/5/542de014-1e71-4955-945a-5d2ab09567a7/CEH_soil_project/metag/raw/d84/d84_R1.fastq.gz	/ei/projects/5/542de014-1e71-4955-945a-5d2ab09567a7/CEH_soil_project/metag/raw/d84/d84_R2.fastq.gz		A
d85	/ei/projects/5/542de014-1e71-4955-945a-5d2ab09567a7/CEH_soil_project/metag/raw/d85/d85_R1.fastq.gz	/ei/projects/5/542de014-1e71-4955-945a-5d2ab09567a7/CEH_soil_project/metag/raw/d85/d85_R2.fastq.gz		A
d86	/ei/projects/5/542de014-1e71-4955-945a-5d2ab09567a7/CEH_soil_project/metag/raw/d86/d86_R1.fastq.gz	/ei/projects/5/542de014-1e71-4955-945a-5d2ab09567a7/CEH_soil_project/metag/raw/d86/d86_R2.fastq.gz		A
d87	/ei/projects/5/542de014-1e71-4955-945a-5d2ab09567a7/CEH_soil_project/metag/raw/d87/d87_R1.fastq.gz	/ei/projects/5/542de014-1e71-4955-945a-5d2ab09567a7/CEH_soil_project/metag/raw/d87/d87_R2.fastq.gz		A
d88	/ei/projects/5/542de014-1e71-4955-945a-5d2ab09567a7/CEH_soil_project/metag/raw/d88/d88_R1.fastq.gz	/ei/projects/5/542de014-1e71-4955-945a-5d2ab09567a7/CEH_soil_project/metag/raw/d88/d88_R2.fastq.gz		A
d89	/ei/projects/5/542de014-1e71-4955-945a-5d2ab09567a7/CEH_soil_project/metag/raw/d89/d89_R1.fastq.gz	/ei/projects/5/542de014-1e71-4955-945a-5d2ab09567a7/CEH_soil_project/metag/raw/d89/d89_R2.fastq.gz		A
d9	/ei/projects/5/542de014-1e71-4955-945a-5d2ab09567a7/CEH_soil_project/metag/raw/d9/d9_R1.fastq.gz	/ei/projects/5/542de014-1e71-4955-945a-5d2ab09567a7/CEH_soil_project/metag/raw/d9/d9_R2.fastq.gz		A
d90	/ei/projects/5/542de014-1e71-4955-945a-5d2ab09567a7/CEH_soil_project/metag/raw/d90/d90_R1.fastq.gz	/ei/projects/5/542de014-1e71-4955-945a-5d2ab09567a7/CEH_soil_project/metag/raw/d90/d90_R2.fastq.gz		A
d91	/ei/projects/5/542de014-1e71-4955-945a-5d2ab09567a7/CEH_soil_project/metag/raw/d91/d91_R1.fastq.gz	/ei/projects/5/542de014-1e71-4955-945a-5d2ab09567a7/CEH_soil_project/metag/raw/d91/d91_R2.fastq.gz		A
d92	/ei/projects/5/542de014-1e71-4955-945a-5d2ab09567a7/CEH_soil_project/metag/raw/d92/d92_R1.fastq.gz	/ei/projects/5/542de014-1e71-4955-945a-5d2ab09567a7/CEH_soil_project/metag/raw/d92/d92_R2.fastq.gz		A
d93	/ei/projects/5/542de014-1e71-4955-945a-5d2ab09567a7/CEH_soil_project/metag/raw/d93/d93_R1.fastq.gz	/ei/projects/5/542de014-1e71-4955-945a-5d2ab09567a7/CEH_soil_project/metag/raw/d93/d93_R2.fastq.gz		A
d94	/ei/projects/5/542de014-1e71-4955-945a-5d2ab09567a7/CEH_soil_project/metag/raw/d94/d94_R1.fastq.gz	/ei/projects/5/542de014-1e71-4955-945a-5d2ab09567a7/CEH_soil_project/metag/raw/d94/d94_R2.fastq.gz		A
d95	/ei/projects/5/542de014-1e71-4955-945a-5d2ab09567a7/CEH_soil_project/metag/raw/d95/d95_R1.fastq.gz	/ei/projects/5/542de014-1e71-4955-945a-5d2ab09567a7/CEH_soil_project/metag/raw/d95/d95_R2.fastq.gz		A
d96	/ei/projects/5/542de014-1e71-4955-945a-5d2ab09567a7/CEH_soil_project/metag/raw/d96/d96_R1.fastq.gz	/ei/projects/5/542de014-1e71-4955-945a-5d2ab09567a7/CEH_soil_project/metag/raw/d96/d96_R2.fastq.gz		A
d97	/ei/projects/5/542de014-1e71-4955-945a-5d2ab09567a7/CEH_soil_project/metag/raw/d97/d97_R1.fastq.gz	/ei/projects/5/542de014-1e71-4955-945a-5d2ab09567a7/CEH_soil_project/metag/raw/d97/d97_R2.fastq.gz		A
d98	/ei/projects/5/542de014-1e71-4955-945a-5d2ab09567a7/CEH_soil_project/metag/raw/d98/d98_R1.fastq.gz	/ei/projects/5/542de014-1e71-4955-945a-5d2ab09567a7/CEH_soil_project/metag/raw/d98/d98_R2.fastq.gz		A
d99	/ei/projects/5/542de014-1e71-4955-945a-5d2ab09567a7/CEH_soil_project/metag/raw/d99/d99_R1.fastq.gz	/ei/projects/5/542de014-1e71-4955-945a-5d2ab09567a7/CEH_soil_project/metag/raw/d99/d99_R2.fastq.gz		A
pos1	/ei/projects/5/542de014-1e71-4955-945a-5d2ab09567a7/CEH_soil_project/metag/raw/pos1/pos1_R1.fastq.gz	/ei/projects/5/542de014-1e71-4955-945a-5d2ab09567a7/CEH_soil_project/metag/raw/pos1/pos1_R2.fastq.gz		A
pos2	/ei/projects/5/542de014-1e71-4955-945a-5d2ab09567a7/CEH_soil_project/metag/raw/pos2/pos2_R1.fastq.gz	/ei/projects/5/542de014-1e71-4955-945a-5d2ab09567a7/CEH_soil_project/metag/raw/pos2/pos2_R2.fastq.gz		A
pos3	/ei/projects/5/542de014-1e71-4955-945a-5d2ab09567a7/CEH_soil_project/metag/raw/pos3/pos3_R1.fastq.gz	/ei/projects/5/542de014-1e71-4955-945a-5d2ab09567a7/CEH_soil_project/metag/raw/pos3/pos3_R2.fastq.gz		A
pos4	/ei/projects/5/542de014-1e71-4955-945a-5d2ab09567a7/CEH_soil_project/metag/raw/pos4/pos4_R1.fastq.gz	/ei/projects/5/542de014-1e71-4955-945a-5d2ab09567a7/CEH_soil_project/metag/raw/pos4/pos4_R2.fastq.gz		A
